epoch,loss/val/mse,loss/val/rel_L2,loss/val/sup,lr-Adam,step
,,,,0.001,0
0,0.5635891556739807,0.7245581746101379,2.7841553688049316,,6
