epoch,loss/val/mse,loss/val/rel_L2,loss/val/sup,lr-Adam,step
,,,,0.001,0
0,0.6591025590896606,0.7970314025878906,2.9036476612091064,,6
