epoch,loss/val/mse,loss/val/rel_L2,loss/val/sup,lr-Adam,step
,,,,0.001,0
0,0.5650350451469421,0.7240357398986816,2.7659292221069336,,6
